,movie_title,movie_year,genres,movie_decade
0,10 things i hate about you,1999,"['comedy', 'romance']",1990
1,1492: conquest of paradise,1992,"['adventure', 'biography', 'drama', 'history']",1990
2,15 minutes,2001,"['action', 'crime', 'drama', 'thriller']",2000
3,2001: a space odyssey,1968,"['adventure', 'mystery', 'sci-fi']",1960
4,48 hrs.,1982,"['action', 'comedy', 'crime', 'drama', 'thriller']",1980
5,the fifth element,1997,"['action', 'adventure', 'romance', 'sci-fi', 'thriller']",1990
6,8mm,1999,"['crime', 'mystery', 'thriller']",1990
7,a nightmare on elm street 4: the dream master,1988,"['fantasy', 'horror', 'thriller']",1980
8,a nightmare on elm street: the dream child,1989,"['fantasy', 'horror', 'thriller']",1980
9,the atomic submarine,1959,"['sci-fi', 'thriller']",1950
10,affliction,1997,"['drama', 'mystery', 'thriller']",1990
11,air force one,1997,"['action', 'drama', 'thriller']",1990
12,airplane ii: the sequel,1982,"['comedy', 'romance', 'sci-fi']",1980
13,airplane!,1980,"['comedy', 'romance']",1980
14,alien nation,1988,"['crime', 'drama', 'sci-fi', 'thriller']",1980
15,aliens,1986,"['action', 'sci-fi', 'thriller']",1980
16,amadeus,1984,"['biography', 'drama', 'music']",1980
17,an american werewolf in london,1981,"['horror', 'romance']",1980
18,american madness,1932,['drama'],1930
19,american outlaws,2001,"['action', 'western']",2000
20,american psycho,2000,"['drama', 'thriller']",2000
21,antitrust,2001,"['drama', 'thriller']",2000
22,austin powers: international man of mystery,1997,"['action', 'adventure', 'comedy', 'crime']",1990
23,the avengers,1998,"['action', 'adventure', 'thriller']",1990
24,bachelor party,1984,"['comedy', 'romance']",1980
25,backdraft,1991,"['action', 'crime', 'drama', 'mystery', 'thriller']",1990
26,bad lieutenant,1992,"['crime', 'drama']",1990
27,bamboozled,2000,"['comedy', 'drama', 'music']",2000
28,barry lyndon,1975,"['drama', 'romance', 'war']",1970
29,basic,2003,"['crime', 'drama', 'mystery', 'thriller']",2000
30,big fish,2003,"['adventure', 'drama', 'fantasy']",2000
31,birthday girl,2001,"['comedy', 'crime', 'romance', 'thriller']",2000
32,black snake moan,2006,['drama'],2000
33,black rain,1989,"['action', 'crime', 'drama', 'thriller']",1980
34,blade runner,1982,"['drama', 'sci-fi', 'thriller']",1980
35,blast from the past,1999,"['comedy', 'drama', 'romance']",1990
36,blue velvet,1986,"['crime', 'mystery', 'thriller']",1980
37,the boondock saints,1999,"['action', 'crime', 'drama', 'thriller']",1990
38,bottle rocket,1996,"['comedy', 'crime']",1990
39,the bourne supremacy,2004,"['action', 'adventure', 'mystery', 'thriller']",2000
40,braveheart,1995,"['action', 'biography', 'drama', 'history', 'war']",1990
41,the butterfly effect,2004,"['drama', 'mystery', 'sci-fi', 'thriller']",2000
42,casablanca,1942,"['drama', 'romance', 'war']",1940
43,cast away,2000,"['adventure', 'drama']",2000
44,the cider house rules,1999,"['drama', 'romance']",1990
45,confidence,2003,"['crime', 'thriller']",2000
46,croupier,1998,"['crime', 'drama']",1990
47,dark star,1974,"['comedy', 'sci-fi', 'thriller']",1970
48,dark angel,1990,"['action', 'crime', 'drama', 'horror', 'sci-fi', 'thriller']",1990
49,detroit rock city,1999,"['comedy', 'music']",1990
50,donnie darko,2001,"['drama', 'mystery', 'sci-fi']",2000
51,drop dead gorgeous,1999,"['comedy', 'adult']",1990
52,duck soup,1933,"['comedy', 'musical']",1930
53,the elephant man,1980,"['biography', 'drama', 'history']",1980
54,erik the viking,1989,"['comedy', 'adventure', 'fantasy']",1980
55,eternal sunshine of the spotless mind,2004,"['drama', 'romance', 'sci-fi']",2000
56,even cowgirls get the blues,1993,"['comedy', 'drama', 'romance', 'western']",1990
57,event horizon,1997,"['horror', 'mystery', 'mystery', 'sci-fi', 'sci-fi']",1990
58,fantastic four,2005,"['action', 'adventure', 'fantasy', 'sci-fi', 'fantasy']",2000
59,fast times at ridgemont high,1982,"['comedy', 'drama', 'romance']",1980
60,fear and loathing in las vegas,1998,"['drama', 'fantasy']",1990
61,feast,2005,"['action', 'comedy', 'horror', 'thriller']",2000
62,frances,1982,"['biography', 'drama']",1980
63,frankenstein,1931,"['drama', 'horror', 'sci-fi']",1930
64,friday the 13th,2009,['horror'],2000
65,from dusk till dawn,1996,"['action', 'crime', 'horror', 'thriller']",1990
66,g.i. jane,1997,"['action', 'drama']",1990
67,godzilla,1998,"['action', 'horror', 'sci-fi', 'thriller']",1990
68,galaxy quest,1999,"['action', 'adventure', 'comedy', 'sci-fi']",1990
69,george washington,2000,['drama'],2000
70,get shorty,1995,"['comedy', 'crime', 'thriller']",1990
71,ghost ship,2002,"['horror', 'mystery', 'thriller']",2000
72,ghost world,2001,"['comedy', 'drama']",2000
73,the ghost and the darkness,1996,"['adventure', 'drama', 'thriller']",1990
74,ghostbusters ii,1989,"['action', 'adventure', 'comedy', 'fantasy', 'sci-fi', 'action', 'adventure', 'comedy', 'sci-fi']",1980
75,ghostbusters,1986,"['animation', 'comedy', 'fantasy', 'sci-fi', 'horror']",1980
76,gladiator,2000,"['action', 'adventure', 'drama']",2000
77,the graduate,1967,"['comedy', 'drama', 'romance']",1960
78,grand hotel,1932,"['drama', 'romance']",1930
79,the grifters,1990,"['crime', 'drama', 'thriller']",1990
80,halloween h20: 20 years later,1998,"['drama', 'horror', 'thriller']",1990
81,halloween: the curse of michael myers,1995,"['horror', 'thriller']",1990
82,"happy birthday, wanda june",1971,"['comedy', 'drama']",1970
83,hardcore,1979,['drama'],1970
84,harold and maude,1971,"['comedy', 'romance']",1970
85,hellbound: hellraiser ii,1988,"['drama', 'horror', 'thriller']",1980
86,hellboy,2004,"['action', 'adventure', 'fantasy']",2000
87,hellraiser,1987,['horror'],1980
88,high fidelity,2000,"['comedy', 'drama', 'music', 'romance']",2000
89,highlander,1986,"['action', 'fantasy']",1980
90,his girl friday,1940,"['comedy', 'drama', 'romance']",1940
91,hope and glory,1987,"['drama', 'war']",1980
92,house of 1000 corpses,2003,['horror'],2000
93,human nature,2001,"['comedy', 'drama']",2000
94,the hustler,1961,"['drama', 'romance', 'sport']",1960
95,i am legend,2007,"['drama', 'sci-fi', 'thriller']",2000
96,invaders from mars,1953,"['horror', 'sci-fi']",1950
97,independence day,1996,"['action', 'adventure', 'sci-fi', 'thriller']",1990
98,indiana jones and the last crusade,1989,"['action', 'adventure', 'thriller', 'action', 'adventure', 'fantasy']",1980
99,indiana jones and the temple of doom,1984,"['action', 'adventure']",1980
100,innerspace,1987,"['action', 'adventure', 'comedy', 'crime', 'sci-fi']",1980
101,the insider,1999,"['biography', 'drama', 'thriller']",1990
102,intolerable cruelty,2003,"['comedy', 'romance', 'crime']",2000
103,it happened one night,1934,"['comedy', 'romance']",1930
104,jfk,1991,"['biography', 'drama', 'history', 'mystery', 'thriller']",1990
105,jackie brown,1997,"['crime', 'drama', 'thriller']",1990
106,jacob's ladder,1990,"['drama', 'mystery', 'thriller']",1990
107,jason x,2001,"['horror', 'sci-fi']",2000
108,jaws,1975,['thriller'],1970
109,juno,2007,"['comedy', 'drama']",2000
110,kalifornia,1993,"['crime', 'drama', 'thriller']",1990
111,kids,1995,"['crime', 'drama']",1990
112,knight moves,1992,"['mystery', 'thriller']",1990
113,krull,1983,"['fantasy', 'action', 'adventure', 'sci-fi']",1980
114,l√©on,1994,"['crime', 'drama', 'thriller']",1990
115,labor of love,1998,[],1990
116,leaving las vegas,1995,"['drama', 'romance']",1990
117,legally blonde,2001,['comedy'],2000
118,legend,1985,"['fantasy', 'adventure', 'romance']",1980
119,life as a house,2001,"['drama', 'romance']",2000
120,the life of david gale,2003,"['drama', 'crime', 'thriller']",2000
121,little nicky,2000,"['fantasy', 'comedy', 'romance', 'animation', 'comedy', 'fantasy', 'horror']",2000
122,logan's run,1976,"['action', 'sci-fi']",1970
123,lost highway,1997,"['drama', 'horror', 'mystery', 'thriller']",1990
124,lost horizon,1937,"['adventure', 'drama', 'fantasy', 'mystery']",1930
125,men in black,1997,"['action', 'adventure', 'comedy', 'sci-fi']",1990
126,minority report,2002,"['action', 'crime', 'mystery', 'sci-fi', 'thriller', 'action', 'animation', 'drama', 'mystery', 'sci-fi', 'thriller']",2000
127,made,2001,"['comedy', 'crime', 'drama', 'thriller']",2000
128,malcolm x,1992,"['biography', 'drama', 'history']",1990
129,man on fire,2004,"['action', 'crime', 'drama', 'thriller']",2000
130,marty,1955,"['drama', 'romance']",1950
131,mash,1970,"['comedy', 'war', 'drama']",1970
132,meet john doe,1941,"['comedy', 'drama', 'romance']",1940
133,metro,1997,"['action', 'comedy', 'crime', 'drama', 'thriller']",1990
134,metropolis,1927,"['adventure', 'drama', 'sci-fi']",1920
135,mighty morphin power rangers,1994,"['action', 'family']",1990
136,mobsters,1991,"['crime', 'drama']",1990
137,monkeybone,2001,"['animation', 'comedy', 'fantasy', 'romance']",2000
138,my mother dreams the satan's disciples in new york,1998,['short'],1990
139,mr. smith goes to washington,1939,['drama'],1930
140,mr. deeds goes to town,1936,"['comedy', 'romance']",1930
141,mumford,1999,"['comedy', 'drama']",1990
142,the mummy,1999,"['action', 'adventure', 'fantasy']",1990
143,mystery men,1999,"['action', 'comedy', 'fantasy']",1990
144,napoleon,1995,"['family', 'adventure']",1990
145,next friday,2000,['comedy'],2000
146,nick of time,1995,"['crime', 'drama', 'thriller']",1990
147,the night of the hunter,1955,"['drama', 'film-noir', 'thriller']",1950
148,a nightmare on elm street,1984,['horror'],1980
149,ninotchka,1939,"['comedy', 'romance']",1930
150,nixon,1995,"['biography', 'drama']",1990
151,no country for old men,2007,"['crime', 'drama', 'mystery', 'thriller', 'western']",2000
152,nurse betty,2000,"['comedy', 'crime', 'romance', 'thriller']",2000
153,"o brother, where art thou?",2000,"['comedy', 'adventure', 'crime', 'music']",2000
154,an officer and a gentleman,1982,"['drama', 'romance']",1980
155,panic room,2002,['thriller'],2000
156,panther,1995,['drama'],1990
157,the patriot,2000,"['action', 'drama', 'war']",2000
158,pet sematary,1989,"['drama', 'fantasy', 'horror', 'mystery', 'thriller']",1980
159,pirates of the caribbean,2003,"['adventure', 'fantasy', 'horror']",2000
160,plastic man,1999,['drama'],1990
161,platinum blonde,1931,"['comedy', 'romance']",1930
162,pleasantville,1998,"['comedy', 'drama', 'fantasy']",1990
163,punch-drunk love,2002,"['comedy', 'drama', 'romance']",2000
164,quills,2000,"['biography', 'drama', 'history', 'romance']",2000
165,rko 281,1999,"['biography', 'drama']",1990
166,raging bull,1980,"['biography', 'drama', 'sport']",1980
167,rear window,1954,"['crime', 'mystery', 'romance', 'thriller']",1950
168,rebel without a cause,1955,"['drama', 'romance']",1950
169,reindeer games,2000,"['action', 'crime', 'drama', 'thriller']",2000
170,reservoir dogs,1992,"['crime', 'mystery', 'thriller']",1990
171,roughshod,1949,"['action', 'drama', 'romance', 'western']",1940
172,scary movie 2,2001,['comedy'],2000
173,serial mom,1994,"['comedy', 'thriller']",1990
174,the seventh victim,1943,"['drama', 'horror', 'thriller']",1940
175,"sex, lies, and videotape",1989,['drama'],1980
176,shivers,1975,"['horror', 'sci-fi']",1970
177,shock treatment,1981,"['comedy', 'musical']",1980
178,sideways,2004,"['comedy', 'drama', 'romance']",2000
179,signs,2002,"['drama', 'mystery', 'sci-fi', 'thriller']",2000
180,silverado,1985,"['action', 'western']",1980
181,simone,2010,"['short', 'drama', 'horror', 'thriller']",2010
182,the sixth sense,1999,"['drama', 'mystery', 'thriller']",1990
183,slash,2002,"['comedy', 'horror', 'thriller']",2000
184,slither,2006,"['comedy', 'horror', 'sci-fi']",2000
185,smokey and the bandit,1977,"['action', 'comedy', 'crime', 'romance']",1970
186,smokin' aces,2006,"['action', 'crime', 'drama', 'thriller']",2000
187,solaris,2002,"['drama', 'mystery', 'romance', 'sci-fi']",2000
188,someone to watch over me,1987,"['action', 'crime', 'drama', 'romance', 'thriller']",1980
189,spider-man,2002,"['action', 'adventure', 'fantasy', 'sci-fi', 'action', 'adventure', 'sci-fi', 'thriller']",2000
190,stalag 17,1953,"['drama', 'war']",1950
191,star trek: generations,1994,"['action', 'mystery', 'sci-fi', 'thriller']",1990
192,star trek iii: the search for spock,1984,"['action', 'adventure', 'sci-fi', 'thriller']",1980
193,star trek: the wrath of khan,1982,"['action', 'adventure', 'sci-fi', 'thriller']",1980
194,star trek iv: the voyage home,1986,"['adventure', 'comedy', 'sci-fi']",1980
195,star trek: insurrection,1998,"['action', 'adventure', 'sci-fi', 'thriller']",1990
196,star trek: first contact,1996,"['action', 'adventure', 'sci-fi', 'thriller']",1990
197,star trek vi: the undiscovered country,1991,"['action', 'mystery', 'sci-fi', 'thriller']",1990
198,star trek: nemesis,2002,"['action', 'sci-fi', 'thriller']",2000
199,starman,1984,"['adventure', 'drama', 'romance', 'sci-fi']",1980
200,strange days,1995,"['action', 'crime', 'drama', 'fantasy', 'music', 'mystery', 'sci-fi', 'thriller']",1990
201,suspect zero,2004,"['crime', 'horror', 'sci-fi', 'thriller']",2000
202,swingers,1996,"['comedy', 'drama']",1990
203,the godfather,1972,"['crime', 'drama', 'thriller']",1970
204,the talented mr. ripley,1999,"['crime', 'drama', 'thriller']",1990
205,taxi driver,1976,"['drama', 'thriller']",1970
206,the rock,1996,"['action', 'adventure', 'thriller']",1990
207,the majestic,2001,"['drama', 'romance']",2000
208,the birds,1963,"['horror', 'romance', 'thriller']",1960
209,the body snatcher,1945,"['drama', 'horror', 'thriller']",1940
210,the crow: salvation,2000,"['action', 'crime', 'fantasy', 'mystery', 'thriller']",2000
211,the day the earth stood still,2008,"['drama', 'sci-fi', 'thriller']",2000
212,the lost boys,1987,"['comedy', 'fantasy', 'horror', 'thriller']",1980
213,the thing,1982,"['horror', 'mystery', 'sci-fi', 'thriller']",1980
214,the time machine,2002,"['sci-fi', 'adventure', 'action']",2000
215,the jacket,2005,"['drama', 'fantasy', 'mystery', 'sci-fi', 'thriller']",2000
216,thelma & louise,1991,"['crime', 'drama', 'thriller']",1990
217,there's something about mary,1998,"['comedy', 'romance']",1990
218,thirteen days,2000,"['drama', 'history', 'thriller']",2000
219,thunderheart,1992,"['crime', 'mystery', 'thriller', 'western']",1990
220,top gun,1986,"['action', 'drama', 'romance']",1980
221,total recall,1990,"['action', 'adventure', 'sci-fi', 'thriller']",1990
222,tremors,1990,"['action', 'comedy', 'horror', 'thriller']",1990
223,true believer,1989,"['drama', 'crime']",1980
224,twin peaks: fire walk with me,1992,"['drama', 'horror', 'mystery', 'thriller']",1990
225,the verdict,1982,['drama'],1980
226,the war of the worlds,1953,"['action', 'horror', 'sci-fi', 'thriller']",1950
227,new nightmare,1994,"['fantasy', 'horror', 'mystery', 'thriller']",1990
228,white squall,1996,"['adventure', 'drama']",1990
229,wild at heart,1990,"['crime', 'romance', 'thriller']",1990
230,wonder boys,2000,"['drama', 'comedy']",2000
231,the woodsman,2004,['drama'],2000
232,the abyss,1989,"['action', 'adventure', 'drama', 'sci-fi', 'thriller']",1980
233,l'avventura,1960,"['drama', 'mystery']",1960
234,agnes of god,1985,"['drama', 'mystery', 'thriller']",1980
235,a hard day's night,1964,"['comedy', 'music']",1960
236,alien,1979,"['adventure', 'horror', 'sci-fi', 'thriller']",1970
237,alien vs. predator,1993,"['action', 'adventure', 'sci-fi']",1990
238,all about eve,1950,['drama'],1950
239,all the president's men,1976,"['drama', 'history', 'thriller']",1970
240,american pie,1999,"['comedy', 'romance']",1990
241,an american werewolf in paris,1997,"['horror', 'romance', 'thriller', 'comedy']",1990
242,anastasia,1997,"['animation', 'adventure', 'drama', 'family', 'musical', 'animation', 'family']",1990
243,annie hall,1977,"['comedy', 'drama', 'romance']",1970
244,the anniversary party,2001,"['drama', 'comedy']",2000
245,antz,1998,"['animation', 'adventure', 'comedy', 'family']",1990
246,the apartment,1960,"['romance', 'comedy', 'drama']",1960
247,apocalypse now,1979,"['drama', 'war']",1970
248,arctic blue,1993,"['action', 'thriller']",1990
249,as good as it gets,1997,"['comedy', 'drama', 'romance']",1990
250,assassins,1995,"['action', 'thriller', 'crime']",1990
251,asylum,2005,"['drama', 'romance', 'thriller']",2000
252,a walk to remember,2002,"['drama', 'romance']",2000
253,back to the future,1985,"['adventure', 'family', 'sci-fi']",1980
254,badlands,1973,"['crime', 'drama', 'romance', 'thriller']",1970
255,the adventures of buckaroo banzai across the 8th dimension,1984,"['adventure', 'romance', 'comedy', 'sci-fi']",1980
256,barton fink,1991,"['drama', 'mystery', 'thriller']",1990
257,basic instinct,1992,"['mystery', 'romance', 'thriller']",1990
258,basquiat,1996,"['biography', 'drama']",1990
259,batman returns,1992,"['action', 'crime', 'fantasy', 'thriller', 'animation', 'crime', 'fantasy', 'action', 'thriller']",1990
260,batman and robin,1949,"['action', 'adventure', 'crime', 'drama', 'sci-fi']",1940
261,batman forever,1995,"['action', 'crime', 'fantasy', 'thriller']",1990
262,batman,1989,"['crime', 'drama', 'thriller', 'action', 'adventure', 'crime']",1980
263,bean,1997,"['comedy', 'family']",1990
264,beavis and butt-head do america,1996,"['animation', 'adventure', 'comedy', 'crime']",1990
265,beetle juice,1988,"['comedy', 'fantasy']",1980
266,being there,1979,"['drama', 'comedy']",1970
267,being john malkovich,1999,"['comedy', 'drama', 'fantasy', 'romance']",1990
268,beloved,1998,"['drama', 'mystery']",1990
269,the big lebowski,1998,"['comedy', 'crime', 'mystery']",1990
270,the black dahlia,2006,"['crime', 'drama', 'history', 'mystery', 'thriller']",2000
271,blade ii,2002,"['action', 'fantasy', 'horror', 'thriller', 'action', 'adventure', 'horror']",2000
272,blade,1998,"['action', 'adventure', 'fantasy', 'horror', 'thriller']",1990
273,book of shadows: blair witch 2,2000,"['crime', 'horror', 'mystery', 'thriller']",2000
274,blood simple.,1984,"['crime', 'drama', 'thriller']",1980
275,bloodmoon,1997,"['action', 'thriller']",1990
276,blow,2001,"['biography', 'crime', 'drama']",2000
277,la battaglia di algeri,1966,"['drama', 'history', 'war']",1960
278,body of evidence,1993,"['drama', 'romance', 'thriller']",1990
279,the bridges of madison county,1995,"['drama', 'romance']",1990
280,bones,2001,"['crime', 'horror']",2000
281,bound,1996,"['crime', 'drama', 'thriller']",1990
282,the bourne identity,2002,"['action', 'adventure', 'mystery', 'thriller']",2000
283,brazil,1985,"['drama', 'fantasy', 'sci-fi']",1980
284,bringing out the dead,1999,"['drama', 'thriller']",1990
285,broadcast news,1987,"['comedy', 'drama', 'romance']",1980
286,a bucket of blood,1959,"['comedy', 'horror']",1950
287,buffy the vampire slayer,1992,"['horror', 'comedy', 'action']",1990
288,bull durham,1988,"['comedy', 'romance', 'sport']",1980
289,casino,1995,"['biography', 'crime', 'drama']",1990
290,catwoman,2004,"['action', 'crime', 'fantasy']",2000
291,cellular,2004,"['action', 'crime', 'thriller']",2000
292,the crying game,1992,"['drama', 'thriller']",1990
293,charade,1963,"['comedy', 'mystery', 'romance', 'thriller']",1960
294,cherry falls,2000,"['horror', 'mystery', 'thriller']",2000
295,chill factor,1999,"['action', 'adventure', 'comedy', 'thriller']",1990
296,chinatown,1974,"['crime', 'drama', 'mystery', 'thriller']",1970
297,nuovo cinema paradiso,1988,"['comedy', 'drama', 'romance']",1980
298,citizen kane,1941,"['drama', 'mystery']",1940
299,clerks.,1994,['comedy'],1990
300,cliffhanger,1993,"['action', 'adventure', 'thriller']",1990
301,a clockwork orange,1971,"['crime', 'drama', 'sci-fi']",1970
302,collateral,2004,"['crime', 'drama', 'thriller']",2000
303,conspiracy theory,1997,"['action', 'crime', 'mystery', 'romance', 'thriller']",1990
304,contact,1997,"['drama', 'mystery', 'sci-fi', 'thriller']",1990
305,cool hand luke,1967,"['crime', 'drama']",1960
306,copycat,1995,"['crime', 'mystery', 'thriller']",1990
307,crash,2004,"['crime', 'drama']",2000
308,crazy love,2007,['documentary'],2000
309,crime spree,2003,"['action', 'comedy', 'crime']",2000
310,"crouching tiger, hidden dragon",2003,['action'],2000
311,the crow,1994,"['action', 'crime', 'fantasy', 'thriller']",1990
312,cruel intentions,1999,"['drama', 'romance', 'thriller']",1990
313,the curse of the cat people,1944,"['drama', 'fantasy', 'horror']",1940
314,the curse,1987,"['sci-fi', 'horror']",1980
315,dark city,1998,"['mystery', 'sci-fi', 'thriller']",1990
316,dave,1993,"['comedy', 'romance']",1990
317,day of the dead,1985,"['horror', 'sci-fi']",1980
318,dead poets society,1989,['drama'],1980
319,deep rising,1998,"['action', 'horror', 'sci-fi', 'thriller']",1990
320,the deer hunter,1978,"['drama', 'war']",1970
321,demolition man,1993,"['action', 'crime', 'sci-fi']",1990
322,the devil and daniel webster,2004,"['comedy', 'drama', 'fantasy']",2000
323,die hard,1988,"['action', 'crime', 'thriller']",1980
324,dog day afternoon,1975,"['crime', 'drama']",1970
325,domino,2005,"['action', 'crime', 'drama', 'thriller']",2000
326,do the right thing,1989,['drama'],1980
327,dumb and dumberer: when harry met lloyd,2003,['comedy'],2000
328,dune,1984,"['action', 'adventure', 'sci-fi']",1980
329,ed wood,1994,"['biography', 'comedy', 'drama']",1990
330,edtv,1999,['comedy'],1990
331,election,1999,"['comedy', 'drama']",1990
332,l.a. confidential,1997,"['crime', 'drama', 'mystery', 'thriller']",1990
333,enemy of the state,1998,"['action', 'drama', 'thriller']",1990
334,the english patient,1996,"['romance', 'drama', 'war']",1990
335,entrapment,1999,"['action', 'crime', 'romance', 'thriller']",1990
336,erin brockovich,2000,"['biography', 'drama', 'romance']",2000
337,star wars: the empire strikes back,1982,"['animation', 'adventure', 'action', 'fantasy']",1980
338,escape from the planet of the apes,1971,"['sci-fi', 'thriller']",1970
339,escape from l.a.,1996,"['action', 'adventure', 'sci-fi', 'thriller']",1990
340,excalibur,1981,"['adventure', 'drama', 'fantasy']",1980
341,the exorcist,1973,"['horror', 'thriller']",1970
342,the fabulous baker boys,1989,"['drama', 'music', 'romance']",1980
343,face/off,1997,"['action', 'crime', 'drama', 'sci-fi', 'thriller']",1990
344,the family man,2000,"['comedy', 'fantasy', 'drama', 'romance']",2000
345,the fantastic four,1994,"['action', 'adventure', 'sci-fi', 'fantasy']",1990
346,fantastic voyage,1966,"['adventure', 'sci-fi']",1960
347,fargo,1996,"['crime', 'drama', 'thriller']",1990
348,fight club,1999,"['crime', 'drama', 'mystery', 'thriller']",1990
349,final destination 2,2003,"['horror', 'thriller']",2000
350,final destination,2000,"['horror', 'thriller']",2000
351,rambo: first blood part ii,1985,"['action', 'adventure', 'thriller']",1980
352,the fisher king,1991,"['comedy', 'drama', 'romance']",1990
353,five easy pieces,1970,['drama'],1970
354,five feet high and rising,2000,['short'],2000
355,fletch,1985,"['comedy', 'crime', 'mystery']",1980
356,the adventures of ford fairlane,1990,"['action', 'adventure', 'comedy', 'music']",1990
357,the french connection,1971,"['action', 'crime', 'thriller']",1970
358,frequency,2000,"['crime', 'drama', 'sci-fi', 'thriller']",2000
359,friday the 13th part iii,1982,['horror'],1980
360,jason lives: friday the 13th part vi,1986,"['comedy', 'horror', 'thriller']",1980
361,jason goes to hell: the final friday,1993,"['horror', 'thriller']",1990
362,friday the 13th part viii: jason takes manhattan,1989,['horror'],1980
363,game 6,2005,"['comedy', 'drama', 'sport']",2000
364,gandhi,1982,"['biography', 'drama', 'history']",1980
365,gattaca,1997,"['drama', 'romance', 'sci-fi', 'thriller']",1990
366,the getaway,1972,"['action', 'adventure', 'crime', 'thriller']",1970
367,get carter,2000,"['action', 'crime', 'drama', 'thriller']",2000
368,glengarry glen ross,1992,['drama'],1990
369,the godfather: part ii,1974,"['crime', 'drama', 'thriller']",1970
370,gods and monsters,1998,"['biography', 'drama']",1990
371,gone in sixty seconds,2000,"['action', 'crime', 'thriller']",2000
372,goodfellas,1990,"['crime', 'drama', 'thriller']",1990
373,good will hunting,1997,['drama'],1990
374,the grapes of wrath,1940,['drama'],1940
375,grosse pointe blank,1997,"['comedy', 'crime', 'romance', 'thriller']",1990
376,the horse whisperer,1998,"['drama', 'romance', 'western']",1990
377,hackers,1995,"['action', 'crime', 'drama', 'thriller']",1990
378,halloween 4: the return of michael myers,1988,"['horror', 'thriller']",1980
379,halloween,1978,"['horror', 'thriller']",1970
380,hannah and her sisters,1986,"['comedy', 'drama', 'romance']",1980
381,hannibal,2001,"['crime', 'thriller']",2000
382,happy campers,2001,['comedy'],2000
383,heathers,1989,"['comedy', 'crime']",1980
384,heavenly creatures,1994,"['crime', 'drama', 'fantasy', 'thriller']",1990
385,hellraiser: hellseeker,2002,"['horror', 'mystery', 'thriller']",2000
386,hero,1992,"['comedy', 'drama']",1990
387,hider in the house,1989,['thriller'],1980
388,highlander iii: the sorcerer,1994,"['fantasy', 'sci-fi', 'action']",1990
389,hostage,2005,"['action', 'crime', 'drama', 'thriller']",2000
390,hotel rwanda,2004,"['adventure', 'drama', 'history', 'thriller', 'war']",2000
391,house on haunted hill,1999,"['horror', 'mystery', 'thriller']",1990
392,house of the damned,1996,"['action', 'horror', 'thriller']",1990
393,hellraiser iii: hell on earth,1992,['horror'],1990
394,hudson hawk,1991,"['action', 'adventure', 'comedy', 'action', 'adventure', 'comedy', 'crime']",1990
395,the hudsucker proxy,1994,"['comedy', 'drama', 'fantasy', 'romance']",1990
396,i walked with a zombie,1943,['horror'],1940
397,the ice storm,1997,['drama'],1990
398,insomnia,2002,"['crime', 'drama', 'mystery', 'thriller']",2000
399,interview with the vampire: the vampire chronicles,1994,"['drama', 'fantasy']",1990
400,i still know what you did last summer,1998,"['horror', 'mystery', 'thriller']",1990
401,isle of the dead,1945,"['drama', 'horror', 'mystery', 'thriller']",1940
402,it's a wonderful life,1946,"['drama', 'fantasy', 'romance']",1940
403,jaws 2,1978,['thriller'],1970
404,jaws 3-d,1983,['thriller'],1980
405,jaws: the revenge,1987,['thriller'],1980
406,the jazz singer,1927,"['drama', 'music', 'romance']",1920
407,jennifer eight,1992,"['thriller', 'mystery']",1990
408,jerry maguire,1996,"['comedy', 'drama', 'romance', 'sport']",1990
409,jurassic park iii,2001,"['action', 'adventure', 'sci-fi', 'thriller']",2000
410,the lost world: jurassic park,1997,"['action', 'adventure', 'sci-fi', 'thriller', 'action', 'adventure', 'animation', 'horror', 'sci-fi', 'thriller']",1990
411,jurassic park,1993,"['action', 'adventure', 'family', 'sci-fi', 'action', 'adventure', 'fantasy', 'sci-fi']",1990
412,freddy vs. jason,2003,"['horror', 'thriller']",2000
413,kafka,1991,"['comedy', 'drama', 'mystery', 'sci-fi', 'thriller']",1990
414,king kong,2005,"['adventure', 'drama', 'romance']",2000
415,klute,1971,"['mystery', 'romance', 'thriller']",1970
416,kramer vs. kramer,1979,['drama'],1970
417,kundun,1997,"['biography', 'drama', 'history', 'war']",1990
418,lake placid,1999,"['action', 'comedy', 'horror', 'thriller']",1990
419,the silence of the lambs,1991,"['crime', 'thriller']",1990
420,last of the mohicans,1977,"['action', 'adventure', 'war']",1970
421,leviathan,1989,"['adventure', 'horror', 'mystery', 'sci-fi', 'thriller']",1980
422,"lock, stock and two smoking barrels",1998,"['crime', 'thriller']",1990
423,lone star,1996,"['drama', 'mystery', 'romance', 'western']",1990
424,lord of illusions,1995,"['fantasy', 'horror', 'mystery', 'thriller']",1990
425,lost in translation,2003,"['drama', 'romance']",2000
426,lost souls,2000,"['drama', 'horror', 'thriller', 'romance']",2000
427,love & basketball,2000,"['drama', 'romance', 'sport']",2000
428,magnolia,1999,['drama'],1990
429,the man in the iron mask,1998,"['action', 'adventure', 'drama', 'history']",1990
430,manhunt,2003,"['action', 'adventure', 'crime', 'horror', 'thriller']",2000
431,manhunter,1986,"['crime', 'thriller']",1980
432,man on the moon,1999,"['biography', 'comedy', 'drama']",1990
433,the matrix,1999,"['action', 'adventure', 'adventure', 'adventure', 'sci-fi']",1990
434,halloween iii: season of the witch,1982,"['horror', 'mystery', 'sci-fi']",1980
435,meet joe black,1998,"['drama', 'fantasy', 'mystery', 'romance']",1990
436,memento,2000,"['crime', 'drama', 'mystery', 'thriller']",2000
437,miami vice,2006,"['action', 'crime', 'drama', 'thriller']",2000
438,midnight cowboy,1969,['drama'],1960
439,midnight express,1978,"['biography', 'crime', 'drama', 'thriller']",1970
440,mimic,1997,"['drama', 'horror', 'sci-fi']",1990
441,misery,1990,['thriller'],1990
442,mission: impossible ii,2000,"['action', 'adventure', 'thriller']",2000
443,mission: impossible,1996,"['action', 'adventure', 'thriller']",1990
444,moonstruck,1987,"['comedy', 'romance', 'drama']",1980
445,monty python and the holy grail,1975,"['adventure', 'comedy']",1970
446,mrs brown,1997,"['biography', 'drama', 'history', 'romance']",1990
447,arcade,1993,['sci-fi'],1990
448,mulholland dr.,2001,"['drama', 'mystery', 'thriller']",2000
449,"""murderland""",2009,"['crime', 'drama', 'mystery']",2000
450,my girl 2,1994,"['comedy', 'drama', 'family', 'romance']",1990
451,my girl,1991,"['comedy', 'drama', 'family', 'romance']",1990
452,my best friend's wedding,1997,"['comedy', 'romance']",1990
453,nashville,1975,"['drama', 'music']",1970
454,natural born killers,1994,"['action', 'crime', 'drama', 'romance', 'thriller']",1990
455,nothing but a man,1964,"['drama', 'romance']",1960
456,the negotiator,1998,"['action', 'crime', 'drama', 'mystery', 'thriller']",1990
457,neuromancer,1988,"['action', 'adventure', 'animation', 'sci-fi']",1980
458,never been kissed,1999,"['comedy', 'drama', 'romance']",1990
459,the nightmare before christmas,1993,"['animation', 'family', 'fantasy', 'musical']",1990
460,a nightmare on elm street part 2: freddy's revenge,1985,"['fantasy', 'horror', 'thriller']",1980
461,a nightmare on elm street 3: dream warriors,1987,"['fantasy', 'horror', 'thriller']",1980
462,notting hill,1999,"['comedy', 'romance']",1990
463,one flew over the cuckoo's nest,1975,['drama'],1970
464,only you,1994,"['comedy', 'romance']",1990
465,on the waterfront,1954,"['crime', 'drama', 'romance']",1950
466,orgy of the dead,1965,"['fantasy', 'horror']",1960
467,out of sight,1998,"['comedy', 'crime', 'romance', 'thriller']",1990
468,pearl harbor,2001,"['action', 'drama', 'romance', 'war']",2000
469,peggy sue got married,1986,"['comedy', 'drama', 'fantasy', 'romance']",1980
470,pet sematary ii,1992,"['action', 'horror', 'thriller']",1990
471,philadelphia,1993,['drama'],1990
472,pitch black,2000,"['action', 'sci-fi', 'thriller']",2000
473,planet of the apes,2001,"['action', 'adventure', 'sci-fi', 'thriller', 'animation', 'action', 'adventure', 'sci-fi']",2000
474,platoon,1986,"['action', 'drama', 'war']",1980
475,playback,1996,['thriller'],1990
476,the ploughman's lunch,1983,['drama'],1980
477,point break,1991,"['action', 'adventure', 'crime', 'drama', 'sport', 'thriller']",1990
478,predator,1987,"['action', 'adventure', 'sci-fi', 'thriller']",1980
479,pretty woman,1990,"['comedy', 'romance']",1990
480,the princess bride,1987,"['adventure', 'comedy', 'family', 'fantasy', 'romance']",1980
481,the producers,1968,['comedy'],1960
482,psycho,1960,"['drama', 'horror', 'mystery', 'thriller', 'thriller']",1960
483,maniac,1980,"['drama', 'horror', 'thriller']",1980
484,vampyr,1932,"['fantasy', 'horror']",1930
485,mystery of the wax museum,1933,"['horror', 'mystery', 'thriller']",1930
486,quantum project,2000,"['short', 'adventure', 'drama', 'romance']",2000
487,rambling rose,1991,['drama'],1990
488,red white black & blue,2006,['documentary'],2000
489,star wars: episode vi - return of the jedi,1983,"['action', 'adventure', 'fantasy', 'sci-fi']",1980
490,the rocky horror picture show,1975,"['comedy', 'musical']",1970
491,rocky,1976,"['drama', 'romance', 'sport']",1970
492,who framed roger rabbit,1988,"['animation', 'comedy', 'crime', 'family', 'fantasy', 'mystery', 'animation', 'adventure', 'action', 'fantasy']",1980
493,romeo and juliet,1968,"['drama', 'romance']",1960
494,ronin,1998,"['action', 'crime', 'thriller']",1990
495,route 9,1998,"['crime', 'drama']",1990
496,rush hour 2,2001,"['action', 'comedy', 'crime', 'thriller']",2000
497,rush hour,1998,"['action', 'comedy', 'thriller', 'crime']",1990
498,runaway bride,1999,"['comedy', 'romance']",1990
499,sleepless in seattle,1993,"['comedy', 'romance', 'drama']",1990
500,salt of the earth,1954,"['drama', 'history']",1950
501,the salton sea,2002,"['crime', 'drama', 'mystery', 'thriller']",2000
502,saving private ryan,1998,"['action', 'drama', 'history', 'war']",1990
503,say anything...,1989,"['comedy', 'drama', 'romance']",1980
504,schindler's list,1993,"['biography', 'drama', 'history', 'war']",1990
505,scream 2,1997,"['horror', 'mystery', 'thriller']",1990
506,scream 3,2000,"['horror', 'mystery', 'thriller']",2000
507,scream,1996,"['crime', 'horror', 'mystery', 'thriller']",1990
508,seven,1979,"['action', 'drama']",1970
509,the searchers,1956,"['adventure', 'drama', 'western']",1950
510,seven days to live,2000,"['drama', 'horror', 'thriller']",2000
511,shakespeare in love,1998,"['comedy', 'drama', 'romance']",1990
512,shallow grave,1994,"['comedy', 'crime', 'drama', 'thriller']",1990
513,shampoo,1975,"['drama', 'romance']",1970
514,the shining,1980,"['horror', 'mystery', 'thriller']",1980
515,silver bullet,1985,"['adventure', 'drama', 'horror', 'mystery', 'thriller']",1980
516,sister act,1992,"['comedy', 'crime', 'music']",1990
517,sleepy hollow,1999,"['fantasy', 'mystery', 'thriller']",1990
518,sling blade,1996,['drama'],1990
519,smoke,1995,"['comedy', 'drama']",1990
520,snow falling on cedars,1999,"['drama', 'mystery', 'romance', 'thriller']",1990
521,soldier,1998,"['action', 'drama', 'sci-fi']",1990
522,some like it hot,1959,['comedy'],1950
523,the wedding date,2005,"['comedy', 'romance']",2000
524,sounder,1972,['drama'],1970
525,south park: bigger longer & uncut,1999,"['animation', 'comedy', 'musical']",1990
526,spacejacked,1997,"['action', 'sci-fi']",1990
527,spare me,1992,['thriller'],1990
528,sphere,1998,"['drama', 'horror', 'mystery', 'sci-fi', 'thriller']",1990
529,star wars,1977,"['action', 'adventure', 'fantasy', 'sci-fi']",1970
530,starship troopers,1997,"['action', 'adventure', 'sci-fi', 'thriller']",1990
531,star trek: the motion picture,1979,"['adventure', 'fantasy', 'mystery', 'sci-fi']",1970
532,state and main,2000,"['comedy', 'drama']",2000
533,stepmom,1998,"['comedy', 'drama']",1990
534,storytelling,2001,"['comedy', 'drama']",2000
535,stranglehold,2007,"['action', 'adventure', 'crime']",2000
536,dr. strangelove or: how i learned to stop worrying and love the bomb,1964,"['comedy', 'drama']",1960
537,suburbia,1996,"['comedy', 'drama']",1990
538,sugar & spice,2001,"['comedy', 'crime']",2000
539,sunset blvd.,1950,"['drama', 'film-noir']",1950
540,supergirl,1984,"['action', 'adventure', 'sci-fi']",1980
541,superman iii,1983,"['action', 'adventure', 'comedy', 'fantasy', 'sci-fi']",1980
542,superman ii,1980,"['action', 'adventure', 'fantasy', 'romance', 'sci-fi']",1980
543,superman iv: the quest for peace,1987,"['action', 'adventure', 'family', 'fantasy', 'sci-fi']",1980
544,superman,1978,"['action', 'family', 'sci-fi']",1970
545,the sweet hereafter,1997,['drama'],1990
546,sweet smell of success,1957,"['drama', 'film-noir']",1950
547,terminator 2: judgment day,1991,"['action', 'sci-fi', 'thriller']",1990
548,taking sides,2001,"['drama', 'music', 'war']",2000
549,the terminator,1984,"['action', 'sci-fi', 'thriller']",1980
550,the game,1997,"['drama', 'mystery', 'thriller']",1990
551,the haunting,1999,"['horror', 'thriller', 'mystery']",1990
552,the limey,1999,"['crime', 'drama', 'mystery', 'thriller']",1990
553,the man who wasn't there,2001,"['crime', 'drama']",2000
554,the relic,1997,"['horror', 'mystery', 'thriller']",1990
555,the truman show,1998,['drama'],1990
556,the x files,1998,"['crime', 'horror', 'mystery', 'sci-fi', 'thriller']",1990
557,the cell,2000,"['drama', 'fantasy', 'horror', 'sci-fi', 'thriller']",2000
558,the third man,1949,"['film-noir', 'mystery', 'thriller']",1940
559,the beach,2000,"['adventure', 'drama', 'romance', 'thriller']",2000
560,the believer,2001,['drama'],2000
561,le grand bleu,1988,"['adventure', 'drama', 'romance']",1980
562,the hebrew hammer,2003,['comedy'],2000
563,the leopard man,1943,"['drama', 'horror', 'mystery', 'thriller']",1940
564,the lost son,1999,"['crime', 'drama', 'romance', 'thriller']",1990
565,the messenger,2009,"['drama', 'romance', 'war']",2000
566,the pianist,2002,"['biography', 'drama', 'war']",2000
567,the piano,1993,"['drama', 'romance']",1990
568,the sting,1973,"['comedy', 'crime', 'drama']",1970
569,the thin man,1934,"['comedy', 'crime', 'drama', 'mystery', 'romance']",1930
570,three kings,1999,"['action', 'adventure', 'comedy', 'drama', 'war']",1990
571,thx 1138,1971,"['drama', 'mystery', 'sci-fi', 'thriller']",1970
572,ticker,2001,"['action', 'thriller', 'crime']",2000
573,trouble in paradise,1932,"['comedy', 'crime', 'romance']",1930
574,titanic,1997,"['drama', 'history', 'romance']",1990
575,transatlantic merry-go-round,1934,"['comedy', 'musical', 'mystery', 'romance']",1930
576,tombstone,1993,"['action', 'drama', 'history', 'romance', 'western']",1990
577,tomorrow never dies,1997,"['action', 'adventure', 'thriller']",1990
578,to sleep with anger,1990,['drama'],1990
579,toy story,1995,"['animation', 'adventure', 'comedy', 'family', 'fantasy']",1990
580,the magic toyshop,1987,['fantasy'],1980
581,traffic,2000,"['crime', 'drama', 'thriller']",2000
582,trainspotting,1996,"['crime', 'drama']",1990
583,star trek v: the final frontier,1989,"['action', 'adventure', 'sci-fi', 'thriller']",1980
584,tron,1982,"['action', 'adventure', 'sci-fi', 'thriller', 'sci-fi']",1980
585,true lies,1994,"['action', 'thriller']",1990
586,true romance,1993,"['crime', 'romance', 'thriller']",1990
587,twelve monkeys,1995,"['mystery', 'sci-fi', 'thriller']",1990
588,u-turn,1973,['drama'],1970
589,u turn,1997,"['crime', 'drama', 'thriller']",1990
590,unbreakable,2000,"['drama', 'fantasy', 'mystery', 'thriller']",2000
591,unforgiven,1992,"['drama', 'western']",1990
592,the usual suspects,1995,"['crime', 'mystery', 'thriller']",1990
593,verdict,1974,['drama'],1970
594,vertigo,1958,"['crime', 'mystery', 'romance', 'thriller']",1950
595,very bad things,1998,"['comedy', 'crime', 'thriller']",1990
596,viridiana,1961,['drama'],1960
597,virtuosity,1995,"['action', 'crime', 'sci-fi', 'thriller']",1990
598,wag the dog,1997,"['comedy', 'drama']",1990
599,wall street,1987,"['crime', 'drama']",1980
600,waxwork,1988,"['comedy', 'fantasy', 'horror']",1980
601,what lies beneath,2000,"['drama', 'horror', 'mystery', 'thriller']",2000
602,what women want,2000,"['comedy', 'fantasy', 'romance']",2000
603,the witching hour,1996,"['documentary', 'short']",1990
604,white angel,1994,"['drama', 'thriller']",1990
605,who's your daddy?,2003,['comedy'],2000
606,wild things,1998,"['crime', 'mystery', 'thriller']",1990
607,wild wild west,1999,"['action', 'western', 'comedy', 'sci-fi']",1990
608,willow,1988,"['action', 'adventure', 'drama', 'fantasy', 'romance']",1980
609,witness,1985,"['drama', 'romance', 'thriller']",1980
610,the wizard of oz,1939,"['adventure', 'family', 'fantasy', 'musical']",1930
611,the world is not enough,1999,"['action', 'adventure', 'thriller']",1990
612,watchmen,2009,"['action', 'crime', 'fantasy', 'mystery', 'sci-fi', 'thriller']",2000
613,xxx,2002,"['action', 'adventure', 'crime']",2000
614,x-men,2000,"['action', 'sci-fi']",2000
615,young frankenstein,1974,"['comedy', 'sci-fi']",1970
616,zulu dawn,1979,"['action', 'adventure', 'drama', 'history', 'war']",1970
